{
  "balanced_small": {
    "x": [
      0.9435325056105539,
      0.35942103334157316,
      0.7848054119699771,
      0.5912781852294118,
      0.2943285611969282,
      0.9227256864229143,
      0.8693315446785694,
      0.36413842629052284,
      0.973176814632894,
      0.22452433073513123,
      0.8054958679281221,
      0.6808962312808441,
      0.47106052122569997,
      0.030805470551009684,
      0.8947982030827969,
      0.5736325238146748,
      0.39030825765317734,
      0.354679037214903,
      0.6519730194604051,
      0.3470284246126759,
      0.50757990814917,
      0.37093570271031107,
      0.05520285394721014,
      0.2504092003297004,
      0.8409630382078536,
      0.8181544146253424,
      0.667325426235869,
      0.4705875910980839,
      0.9698444927156448,
      0.8402607539796008
    ],
    "y": [
      0.9124653444274926,
      0.4072731282261453,
      0.6441477445320447,
      0.6245322729646807,
      0.3940054202909884,
      0.35804100091454355,
      1.2073548572143984,
      0.7569702431699881,
      1.0735173904729616,
      0.24506888765882986,
      0.3155516277058717,
      0.3214244220887048,
      0.47584839029817083,
      0.6428414009886432,
      1.0784737561824687,
      1.0295056172852604,
      1.074654892499979,
      0.7325318128152004,
      1.5443613535937253,
      1.2483762247493897,
      1.3339598940009474,
      1.1013735885136728,
      1.2772239312210443,
      1.3363012870469466,
      0.9458188110658502,
      0.8533370526745974,
      1.0314299477607014,
      1.102902757481314,
      1.1075988192549155,
      1.083261134760365
    ],
    "cluster": [
      1,
      1,
      1,
      1,
      1,
      1,
      2,
      2,
      2,
      2,
      2,
      2,
      3,
      3,
      3,
      3,
      3,
      3,
      4,
      4,
      4,
      4,
      4,
      4,
      5,
      5,
      5,
      5,
      5,
      5
    ],
    "coef": [
      0.8339617023201237,
      0.07167199961782436
    ],
    "coef_names": [
      "(Intercept)",
      "x"
    ],
    "vcov_cr2": [
      0.09782504656993866,
      -0.09922720822392328,
      -0.09922720822392324,
      0.11191805849057651
    ],
    "vcov_shape": [
      2,
      2
    ],
    "dof_bm": [
      3.046739807991152,
      3.867820152608498
    ]
  },
  "unbalanced_medium": {
    "x": [
      0.3462874999237423,
      0.443655907974409,
      0.815755133576451,
      0.6874916807834863,
      0.30042599121099556,
      0.44014173776833065,
      0.5635108182432734,
      0.8367388142376376,
      0.2123988054077447,
      0.914502769923609,
      0.31540445328100175,
      0.7782568094004593,
      0.5247419459408266,
      0.3489167128946181,
      0.557303561462073,
      0.48586633346308306,
      0.1524714507792745,
      0.44748254053693426,
      0.9278430129623557,
      0.6581790789559127,
      0.11995237785491086,
      0.7014607669463622,
      0.6993877122197518,
      0.4949398323613621,
      0.02940081961158314,
      0.5543191925927794,
      0.2823434957508282,
      0.5427086647116763,
      0.38029675833106513,
      0.4025733964767805,
      0.9375123829093304,
      0.9440645103303017,
      0.1724656629410518,
      0.246872424727282,
      0.9844803926901483,
      0.5559872436147494,
      0.6878771576696437,
      0.5882087419536575,
      0.12223333644812606,
      0.5527777076815845,
      0.04316256681068387,
      0.0010296217941053731,
      0.019728001928271177,
      0.5033598479801504,
      0.08921189595557244,
      0.03511513041575487,
      0.09666762523940087,
      0.5241598869956512,
      0.6325041926946793,
      0.2154994386324135,
      0.9150819636448457,
      0.18191716317896556
    ],
    "y": [
      0.206431750468072,
      0.52914126374223,
      0.948372476430183,
      1.462848242343694,
      1.1787490896437192,
      1.2232918502435313,
      1.49883714029803,
      1.6892231717734079,
      1.0692241224594425,
      1.7836788181223873,
      1.7498094746587713,
      1.6074538152426974,
      1.90081335871295,
      1.8000176179263754,
      1.7859040936875021,
      1.8352051679895616,
      1.4032402426917756,
      1.7463091897477208,
      1.8233311000151493,
      1.373229624702863,
      0.8988692201058794,
      1.7028444873926833,
      1.1367695830608349,
      1.6372544722023115,
      1.0930977055066182,
      2.193470097143512,
      2.004641154578546,
      2.0681249662828667,
      2.1985314952996164,
      1.9785659459956395,
      2.097973041979551,
      2.273697189865885,
      1.529964015810914,
      1.7325466539629746,
      1.7756476746468373,
      1.9205833759797464,
      2.1275707263673027,
      2.061119528784678,
      1.6714765399702147,
      1.3753867950348604,
      1.5654904578276585,
      1.8951529649563046,
      0.5616087105402756,
      1.0365570638248616,
      0.5889041512587929,
      1.010971201580437,
      0.30497699123241295,
      0.8359690569328175,
      0.9175163185192178,
      0.8870270600603117,
      1.1408269122291879,
      0.7996542383725431
    ],
    "cluster": [
      1,
      1,
      1,
      2,
      2,
      2,
      2,
      3,
      3,
      3,
      3,
      3,
      4,
      4,
      4,
      4,
      4,
      4,
      5,
      5,
      5,
      5,
      5,
      5,
      5,
      6,
      6,
      6,
      6,
      6,
      6,
      6,
      6,
      7,
      7,
      7,
      7,
      7,
      7,
      7,
      7,
      7,
      8,
      8,
      8,
      8,
      8,
      8,
      8,
      8,
      8,
      8
    ],
    "coef": [
      1.1239728426835145,
      0.7158670108521947
    ],
    "coef_names": [
      "(Intercept)",
      "x"
    ],
    "vcov_cr2": [
      0.0769099709181706,
      -0.0648802497792549,
      -0.0648802497792549,
      0.07456720905801277
    ],
    "vcov_shape": [
      2,
      2
    ],
    "dof_bm": [
      4.0976627009493924,
      4.560090785535048
    ]
  },
  "singletons_present": {
    "x": [
      0.21443241914065292,
      0.41682182086464903,
      0.807695239893341,
      0.27392327582317477,
      0.8157795313236993,
      0.10763306403508877,
      0.43640245442460357,
      0.8388322165462259,
      0.19866476008995304,
      0.3026576176172062,
      0.3431542671793545,
      0.21186815334857012,
      0.9208492603469947,
      0.5571125190421009,
      0.8457028297541836,
      0.5345114831042415,
      0.24845868416282413,
      0.2642429245246207,
      0.9465367828433652,
      0.20945542694752117,
      0.009759083685863867,
      0.6259345454282155,
      0.3392297185756302,
      0.46294549338368507,
      0.1317216186447715,
      0.48751512348895587,
      0.15110039365510097,
      0.630530192366627,
      0.006966019961796244,
      0.5849538716054395,
      0.5801774527180487,
      0.5915577625702408,
      0.679731222994373,
      0.3730404645361476,
      0.7146163443155258,
      0.800633446837909,
      0.8946270764765526,
      0.5683047391141852,
      0.9479855397490015,
      0.8267433552654698,
      0.5713537595492587,
      0.0243267381892448,
      0.7476080024405406,
      0.33535028127617283,
      0.7698511234427318,
      0.4701191328296702
    ],